交易所,产品代码,产品名称,范围,投机套保,乘数,价格,名义金额,开仓元,平昨元,平今元,隔夜往返元,日内往返元,收费方式
上期所,fu,燃料油,模板,投机,10.0,4174.0,41740.0,0.4299044,0.4299044,0.0025044,0.8598088,0.43240880000000004,比例
能源中心,lu,低硫燃料油,模板,投机,10.0,5441.0,54410.0,0.5573646,0.5573646,0.5573646,1.1147292,1.1147292,比例
上期所,rb,螺纹钢,模板,投机,10.0,3113.0,31130.0,0.6344678,0.6344678,0.6344678,1.2689356,1.2689356,比例
上期所,hc,热轧卷板,模板,投机,10.0,3309.0,33090.0,0.6737854000000001,0.6737854000000001,0.6737854000000001,1.3475708000000002,1.3475708000000002,比例
上期所,sp,漂针浆,模板,投机,10.0,4950.0,49500.0,1.00297,1.00297,0.0029699999999999996,2.00594,1.0059399999999998,比例
大商所,v,聚氯乙烯,模板,投机,5.0,4756.0,23780.0,1.0114268,1.0114268,1.0114268,2.0228536,2.0228536,固定
大商所,rr,粳米,模板,投机,10.0,3608.0,36080.0,1.0121648,1.0121648,1.0121648,2.0243296,2.0243296,固定
大商所,b,黄大豆2号,模板,投机,10.0,4078.0,40780.0,1.0124468,1.0124468,1.0124468,2.0248936,2.0248936,固定
大商所,l,线型低密度聚乙烯,模板,投机,5.0,8259.0,41295.0,1.0124777,1.0124777,1.0124777,2.0249554,2.0249554,固定
大商所,pp,聚丙烯,模板,投机,5.0,8572.0,42860.0,1.0125716,1.0125716,1.0125716,2.0251432,2.0251432,固定
大商所,eb,苯乙烯,模板,投机,5.0,9782.0,48910.0,1.0129346,1.0129346,1.0129346,2.0258692,2.0258692,固定
郑商所,CY,棉纱,模板,投机,5.0,21890.0,109450.0,1.016567,1.016567,0.006566999999999999,2.033134,1.023134,固定
大商所,c,黄玉米,模板,投机,10.0,2168.0,21680.0,1.2113008,1.2113008,1.2113008,2.4226016,2.4226016,固定
大商所,fb,中密度纤维板,模板,投机,10.0,1272.0,12720.0,1.2827632,1.2827632,1.2827632,2.5655264,2.5655264,比例
上期所,wr,线材,模板,投机,10.0,3430.0,34300.0,1.384058,1.384058,0.002058,2.768116,1.386116,比例
上期所,br,丁二烯橡胶,模板,投机,5.0,14775.0,73875.0,1.4919325,1.4919325,1.4919325,2.983865,2.983865,比例
郑商所,RM,菜籽粕,模板,投机,10.0,2312.0,23120.0,1.5113872,1.5113872,0.0013871999999999999,3.0227744,1.5127743999999999,固定
大商所,cs,玉米淀粉,模板,投机,10.0,2433.0,24330.0,1.5114598,1.5114598,1.5114598,3.0229196,3.0229196,固定
大商所,m,豆粕,模板,投机,10.0,3392.0,33920.0,1.5120352,1.5120352,1.5120352,3.0240704,3.0240704,固定
郑商所,FG,玻璃,模板,投机,20.0,918.0,18360.0,2.0111016,2.0111016,2.0111016,4.0222032,4.0222032,固定
郑商所,SM,锰硅,模板,投机,5.0,5826.0,29130.0,2.0117477999999998,2.0117477999999998,0.0017477999999999999,4.0234955999999995,2.0134955999999997,固定
郑商所,SF,硅铁,模板,投机,5.0,6034.0,30170.0,2.0118101999999998,2.0118101999999998,0.0018101999999999999,4.0236203999999995,2.0136203999999998,固定
郑商所,PK,花生仁,模板,投机,5.0,8004.0,40020.0,2.0124012,2.0124012,2.0124012,4.0248024,4.0248024,固定
郑商所,PF,短纤,模板,投机,5.0,8358.0,41790.0,2.0125073999999996,2.0125073999999996,0.0025074,4.025014799999999,2.0150147999999994,固定
大商所,a,黄大豆1号,模板,投机,10.0,4977.0,49770.0,2.0129862,2.0129862,2.0129862,4.0259724,4.0259724,固定
郑商所,SR,白砂糖,模板,投机,10.0,5329.0,53290.0,2.0131973999999997,2.0131973999999997,0.0031973999999999995,4.026394799999999,2.0163947999999996,固定
郑商所,RS,油菜籽,模板,投机,10.0,5577.0,55770.0,2.0133462,2.0133462,2.0133462,4.0266924,4.0266924,固定
上期所,ss,不锈钢,模板,投机,5.0,13750.0,68750.0,2.014125,2.014125,0.004124999999999999,4.02825,2.01825,固定
郑商所,OI,菜籽油,模板,投机,10.0,10180.0,101800.0,2.0161079999999996,2.0161079999999996,2.0161079999999996,4.032215999999999,4.032215999999999,固定
郑商所,SA,纯碱,模板,投机,20.0,1015.0,20300.0,2.0412179999999998,2.0412179999999998,2.0412179999999998,4.0824359999999995,4.0824359999999995,比例
上期所,ag,白银,模板,投机,15.0,16188.0,242820.0,2.4527691999999996,2.4527691999999996,2.4527691999999996,4.905538399999999,4.905538399999999,比例
大商所,y,豆油,模板,投机,10.0,8910.0,89100.0,2.5153459999999996,2.5153459999999996,2.5153459999999996,5.030691999999999,5.030691999999999,固定
大商所,p,棕榈油,模板,投机,10.0,9894.0,98940.0,2.5159363999999997,2.5159363999999997,2.5159363999999997,5.0318727999999995,5.0318727999999995,固定
上期所,bu,石油沥青,模板,投机,10.0,5885.0,58850.0,2.956031,2.956031,0.003531,5.912062,2.959562,比例
郑商所,TA,精对苯二甲酸,模板,投机,5.0,6242.0,31210.0,3.0118726,3.0118726,0.0018725999999999999,6.0237452,3.0137452,固定
郑商所,CJ,红枣,模板,投机,5.0,7395.0,36975.0,3.0122185,3.0122185,3.0122185,6.024437,6.024437,固定
大商所,eg,乙二醇,模板,投机,10.0,6079.0,60790.0,3.0136474,3.0136474,3.0136474,6.0272948,6.0272948,固定
上期所,al,铝,模板,投机,5.0,24270.0,121350.0,3.0172809999999997,3.0172809999999997,3.0172809999999997,6.034561999999999,6.034561999999999,固定
上期所,ni,镍,模板,投机,1.0,123830.0,123830.0,3.0174298,3.0174298,3.0174298,6.0348596,6.0348596,固定
上期所,zn,锌,模板,投机,5.0,26760.0,133800.0,3.0180279999999997,3.0180279999999997,0.008027999999999999,6.036055999999999,3.0260559999999996,固定
郑商所,PL,丙烯,模板,投机,20.0,9058.0,181160.0,3.0208695999999997,3.0208695999999997,0.010869599999999998,6.041739199999999,3.0317391999999996,固定
上期所,ru,天然橡胶,模板,投机,10.0,18870.0,188700.0,3.0213219999999996,3.0213219999999996,0.011321999999999999,6.042643999999999,3.0326439999999995,固定
大商所,bz,纯苯,模板,投机,30.0,8742.0,262260.0,3.0257356,3.0257356,3.0257356,6.0514712,6.0514712,固定
上期所,sn,锡,模板,投机,1.0,409600.0,409600.0,3.034576,3.034576,3.034576,6.069152,6.069152,固定
中金所,TF,5年期国债,模板,投机,10000.0,106.54,1065400.0,3.073924,3.073924,0.063924,6.147848,3.137848,固定
中金所,T,10年期国债,模板,投机,10000.0,109.545,1095450.0,3.0757269999999997,3.0757269999999997,0.065727,6.151453999999999,3.1414539999999995,固定
中金所,TL,30年国债期货,模板,投机,10000.0,116.76,1167600.0,3.080056,3.080056,0.070056,6.160112,3.150112,固定
上期所,op,胶版印刷纸,模板,投机,40.0,3866.0,154640.0,3.1120784,3.1120784,0.0092784,6.2241568,3.1213568,比例
中金所,TS,2年期国债,模板,投机,20000.0,102.596,2051920.0,3.1331151999999998,3.1331151999999998,0.1231152,6.2662303999999995,3.2562303999999997,固定
能源中心,nr,20号胶,模板,投机,10.0,16030.0,160300.0,3.225618,3.225618,0.009618,6.451236,3.235236,比例
上期所,pb,铅,模板,投机,5.0,16405.0,82025.0,3.2959215,3.2959215,0.0049215,6.591843,3.300843,比例
郑商所,MA,甲醇,模板,投机,10.0,3480.0,34800.0,3.492088,3.492088,3.492088,6.984176,6.984176,比例
郑商所,UR,尿素,模板,投机,20.0,1764.0,35280.0,3.5401168,3.5401168,3.5401168,7.0802336,7.0802336,比例
广期所,si,工业硅,模板,投机,5.0,8455.0,42275.0,4.2400364999999995,4.2400364999999995,0.0025364999999999997,8.480072999999999,4.242572999999999,比例
郑商所,CF,一号棉花,模板,投机,5.0,15855.0,79275.0,4.3147565,4.3147565,0.0047564999999999994,8.629513,4.319513,固定
郑商所,PX,对二甲苯,模板,投机,5.0,9232.0,46160.0,4.6287696,4.6287696,0.0027695999999999997,9.2575392,4.6315392,比例
能源中心,bc,国际铜,模板,投机,5.0,98310.0,491550.0,4.954993,4.954993,0.029493,9.909986,4.984486,比例
郑商所,AP,鲜苹果,模板,投机,10.0,7144.0,71440.0,5.0142864,5.0142864,10.0142864,10.0285728,15.0285728,固定
上期所,ao,氧化铝,模板,投机,20.0,2716.0,54320.0,5.4452592,5.4452592,5.4452592,10.8905184,10.8905184,比例
郑商所,SH,烧碱,模板,投机,30.0,1881.0,56430.0,5.6563858,5.6563858,0.0033857999999999996,11.3127716,5.6597716,比例
大商所,jd,鲜鸡蛋,模板,投机,10.0,3822.0,38220.0,5.7452932,5.7452932,5.7452932,11.4905864,11.4905864,比例
大商所,pg,液化石油气,模板,投机,20.0,6536.0,130720.0,6.0178432,6.0178432,6.0178432,12.0356864,12.0356864,固定
郑商所,PR,瓶片,模板,投机,15.0,8212.0,123180.0,6.176390799999999,6.176390799999999,0.0073907999999999995,12.352781599999998,6.183781599999999,比例
大商所,i,铁矿石,模板,投机,100.0,714.5,71450.0,7.159287,7.159287,7.159287,14.318574,14.318574,比例
大商所,bb,细木工板,模板,投机,500.0,146.7,73350.0,7.349400999999999,7.349400999999999,7.349400999999999,14.698801999999999,14.698801999999999,比例
大商所,lg,原木,模板,投机,90.0,827.0,74430.0,7.4574658,7.4574658,7.4574658,14.9149316,14.9149316,比例
大商所,jm,焦煤,模板,投机,60.0,1523.5,91410.0,9.1564846,9.1564846,9.1564846,18.3129692,18.3129692,比例
上期所,au,黄金,模板,投机,1000.0,941.84,941840.0,10.0665104,10.0665104,0.056510399999999995,20.1330208,10.1230208,固定
广期所,lc,碳酸锂,模板,投机,1.0,132220.0,132220.0,10.5955332,10.5955332,0.0079332,21.1910664,10.6034664,比例
广期所,ps,多晶硅,模板,投机,3.0,36885.0,110655.0,11.0821393,11.0821393,11.0821393,22.1642786,22.1642786,比例
上期所,ad,铸造铝合金,模板,投机,10.0,23695.0,236950.0,11.871717,11.871717,0.014216999999999999,23.743434,11.885934,比例
大商所,lh,生猪,模板,投机,16.0,10955.0,175280.0,17.5485168,17.5485168,35.0765168,35.0970336,52.6250336,比例
中金所,IH,上证50指数,模板,投机,300.0,2828.6,848580.0,19.5782548,19.5782548,195.2343148,39.1565096,214.8125696,比例
大商所,j,冶金焦炭,模板,投机,100.0,1982.0,198200.0,19.841892,19.841892,27.769892000000002,39.683784,47.611784,比例
能源中心,sc,原油,模板,投机,1000.0,706.5,706500.0,20.052390000000003,20.052390000000003,0.04239,40.104780000000005,20.094780000000004,固定
上期所,cu,铜,模板,投机,5.0,110020.0,550100.0,27.548006,27.548006,55.053005999999996,55.096012,82.601012,比例
中金所,IF,沪深300指数,模板,投机,300.0,4448.0,1334400.0,30.781264,30.781264,307.002064,61.562528,337.78332800000004,比例
广期所,pd,钯,模板,投机,1000.0,307.65,307650.0,30.793459000000002,30.793459000000002,0.018459,61.586918000000004,30.811918000000002,比例
中金所,IM,中证1000股指期货,模板,投机,200.0,7558.8,1511760.0,34.8711856,34.8711856,347.8055056,69.7423712,382.6766912,比例
中金所,IC,中证500指数,模板,投机,200.0,7665.2,1533040.0,35.3619024,35.3619024,352.7011824,70.7238048,388.0630848,比例
广期所,pt,铂,模板,投机,1000.0,442.65,442650.0,44.301559,44.301559,0.026559,88.603118,44.328117999999996,比例
能源中心,ec,SCFIS欧线,模板,投机,50.0,2177.5,108875.0,65.34153250000001,65.34153250000001,130.6665325,130.68306500000003,196.008065,比例
